"DisplayName","Direction","Action","Enabled","Profile"
"Network Discovery (UPnP-Out)","Outbound","Allow","True","Public"
"Wi-Fi Direct Spooler Use (Out)","Outbound","Allow","True","Public"
"Remote Assistance (TCP-Out)","Outbound","Allow","False","Public"
"Network Discovery (SSDP-Out)","Outbound","Allow","True","Private"
"Network Discovery (WSD Events-Out)","Outbound","Allow","True","Private"
"Remote Event Log Management (NP-In)","Inbound","Allow","False","Domain"
"Remote Scheduled Tasks Management (RPC)","Inbound","Allow","False","Domain"
"Wi-Fi Direct Spooler Use (In)","Inbound","Allow","True","Public"
"Remote Assistance (TCP-Out)","Outbound","Allow","True","Domain, Private"
"Distributed Transaction Coordinator (TCP-Out)","Outbound","Allow","False","Private, Public"
"Routing and Remote Access (L2TP-Out)","Outbound","Allow","False","Any"
"Core Networking - Packet Too Big (ICMPv6-Out)","Outbound","Allow","True","Any"
"Connected Devices Platform (UDP-Out)","Outbound","Allow","True","Domain, Private"
"Windows Collaboration Computer Name Registration Service (PNRP-In)","Inbound","Allow","False","Any"
"Network Discovery (NB-Name-Out)","Outbound","Allow","True","Public"
"Network Discovery (NB-Datagram-Out)","Outbound","Allow","True","Public"
"Windows Peer to Peer Collaboration Foundation (WSD-In)","Inbound","Allow","False","Any"
"Remote Event Log Management (RPC)","Inbound","Allow","False","Private, Public"
"Core Networking - IPv6 (IPv6-In)","Inbound","Allow","True","Any"
"Connected Devices Platform - Wi-Fi Direct Transport (TCP-Out)","Outbound","Allow","True","Public"
"Network Discovery (LLMNR-UDP-In)","Inbound","Allow","True","Domain, Public"
"Remote Event Log Management (NP-In)","Inbound","Allow","False","Private, Public"
"SNMP Trap Service (UDP In)","Inbound","Allow","False","Private, Public"
"mDNS (UDP-Out)","Outbound","Allow","True","Domain"
"Delivery Optimization (UDP-In)","Inbound","Allow","True","Any"
"Core Networking - Parameter Problem (ICMPv6-Out)","Outbound","Allow","True","Any"
"Core Networking - Router Advertisement (ICMPv6-In)","Inbound","Allow","True","Any"
"Core Networking - Destination Unreachable Fragmentation Needed (ICMPv4-In)","Inbound","Allow","True","Any"
"Core Networking - Dynamic Host Configuration Protocol (DHCP-In)","Inbound","Allow","True","Any"
"Network Discovery (WSD-In)","Inbound","Allow","True","Private"
"Routing and Remote Access (GRE-In)","Inbound","Allow","False","Any"
"TPM Virtual Smart Card Management (DCOM-In)","Inbound","Allow","False","Domain"
"Core Networking - Dynamic Host Configuration Protocol for IPv6(DHCPV6-In)","Inbound","Allow","True","Any"
"Distributed Transaction Coordinator (RPC)","Inbound","Allow","False","Private, Public"
"Network Discovery for Teredo (SSDP-In)","Inbound","Allow","True","Public"
"iSCSI Service (TCP-Out)","Outbound","Allow","False","Private, Public"
"Network Discovery (UPnPHost-Out)","Outbound","Allow","True","Domain, Public"
"Connected Devices Platform (TCP-Out)","Outbound","Allow","True","Domain, Private"
"Distributed Transaction Coordinator (RPC-EPMAP)","Inbound","Allow","False","Domain"
"Wi-Fi Direct Scan Service Use (In)","Inbound","Allow","True","Public"
"Remote Assistance (PNRP-Out)","Outbound","Allow","False","Public"
"Network Discovery (WSD-In)","Inbound","Allow","True","Private"
"Core Networking - Router Solicitation (ICMPv6-Out)","Outbound","Allow","True","Any"
"Remote Assistance (SSDP UDP-Out)","Outbound","Allow","True","Domain, Private"
"Remote Assistance (SSDP TCP-Out)","Outbound","Allow","True","Domain, Private"
"Network Discovery (WSD Events-In)","Inbound","Allow","True","Private"
"Core Networking - Neighbor Discovery Solicitation (ICMPv6-In)","Inbound","Allow","True","Any"
"Remote Event Monitor (RPC-EPMAP)","Inbound","Allow","False","Any"
"Remote Assistance (DCOM-In)","Inbound","Allow","True","Domain"
"Network Discovery (UPnP-Out)","Outbound","Allow","True","Private"
"Network Discovery (WSD EventsSecure-In)","Inbound","Allow","True","Private"
"Remote Volume Management (RPC-EPMAP)","Inbound","Allow","False","Private, Public"
"Remote Assistance (RA Server TCP-In)","Inbound","Allow","True","Domain"
"Network Discovery (UPnP-In)","Inbound","Allow","True","Private"
"Remote Event Log Management (RPC-EPMAP)","Inbound","Allow","False","Domain"
"Core Networking - Multicast Listener Report v2 (ICMPv6-Out)","Outbound","Allow","True","Any"
"Core Networking Diagnostics - ICMP Echo Request (ICMPv6-Out)","Outbound","Allow","False","Private, Public"
"Remote Event Monitor (RPC)","Inbound","Allow","False","Any"
"Microsoft Media Foundation Network Source IN [UDP 5004-5009]","Inbound","Allow","True","Any"
"Windows Device Management Enrollment Service (TCP out)","Outbound","Allow","True","Any"
"SNMP Trap Service (UDP In)","Inbound","Allow","False","Domain"
"Windows Management Instrumentation (ASync-In)","Inbound","Allow","False","Private, Public"
"Core Networking Diagnostics - ICMP Echo Request (ICMPv4-Out)","Outbound","Allow","False","Domain"
"mDNS (UDP-Out)","Outbound","Allow","True","Public"
"Windows Management Instrumentation (WMI-In)","Inbound","Allow","False","Private, Public"
"Windows Defender Firewall Remote Management (RPC-EPMAP)","Inbound","Allow","False","Private, Public"
"Performance Logs and Alerts (TCP-In)","Inbound","Allow","False","Private, Public"
"Windows Remote Management (HTTP-In)","Inbound","Allow","False","Public"
"Delivery Optimization (TCP-In)","Inbound","Allow","True","Any"
"Distributed Transaction Coordinator (TCP-Out)","Outbound","Allow","False","Domain"
"Network Discovery (NB-Name-In)","Inbound","Allow","True","Public"
"Virtual Machine Monitoring (RPC)","Inbound","Allow","False","Any"
"Core Networking - Multicast Listener Done (ICMPv6-Out)","Outbound","Allow","True","Any"
"Windows Device Management Certificate Installer (TCP out)","Outbound","Allow","True","Any"
"iSCSI Service (TCP-In)","Inbound","Allow","False","Private, Public"
"Remote Assistance (PNRP-In)","Inbound","Allow","False","Public"
"Routing and Remote Access (PPTP-In)","Inbound","Allow","False","Any"
"Core Networking - Teredo (UDP-Out)","Outbound","Allow","True","Any"
"Remote Volume Management - Virtual Disk Service (RPC)","Inbound","Allow","False","Private, Public"
"TPM Virtual Smart Card Management (TCP-In)","Inbound","Allow","False","Domain"
"Windows Management Instrumentation (WMI-Out)","Outbound","Allow","False","Private, Public"
"Network Discovery (NB-Datagram-In)","Inbound","Allow","True","Domain"
"Virtual Machine Monitoring (DCOM-In)","Inbound","Allow","False","Any"
"Core Networking - Router Solicitation (ICMPv6-In)","Inbound","Allow","True","Any"
"Windows Management Instrumentation (DCOM-In)","Inbound","Allow","False","Private, Public"
"Wireless Display Infrastructure Back Channel (TCP-In)","Inbound","Allow","True","Any"
"Windows Collaboration Computer Name Registration Service (SSDP-Out)","Outbound","Allow","False","Any"
"Network Discovery (Pub-WSD-In)","Inbound","Allow","True","Private"
"Network Discovery (WSD EventsSecure-Out)","Outbound","Allow","True","Public"
"Core Networking - Group Policy (LSASS-Out)","Outbound","Allow","True","Domain"
"Recommended Troubleshooting Client (HTTP/HTTPS Out)","Outbound","Allow","True","Any"
"Remote Scheduled Tasks Management (RPC-EPMAP)","Inbound","Allow","False","Domain"
"Remote Assistance (PNRP-In)","Inbound","Allow","True","Domain, Private"
"Network Discovery (UPnP-Out)","Outbound","Allow","True","Domain"
"Windows Peer to Peer Collaboration Foundation (PNRP-In)","Inbound","Allow","False","Any"
"DIAL protocol server (HTTP-In)","Inbound","Allow","True","Domain"
"Network Discovery (WSD Events-In)","Inbound","Allow","True","Domain"
"Remote Service Management (RPC-EPMAP)","Inbound","Allow","False","Domain"
"Windows Management Instrumentation (ASync-In)","Inbound","Allow","False","Domain"
"Network Discovery (WSD Events-Out)","Outbound","Allow","True","Domain"
"Network Discovery (Pub WSD-Out)","Outbound","Allow","True","Private"
"Network Discovery (LLMNR-UDP-Out)","Outbound","Allow","True","Domain, Public"
"Virtual Machine Monitoring (NB-Session-In)","Inbound","Allow","False","Any"
"Windows Defender Firewall Remote Management (RPC)","Inbound","Allow","False","Domain"
"Wireless Display (TCP-Out)","Outbound","Allow","True","Any"
"Wireless Display (UDP-Out)","Outbound","Allow","True","Any"
"Remote Assistance (RA Server TCP-Out)","Outbound","Allow","True","Domain"
"Core Networking - Router Advertisement (ICMPv6-Out)","Outbound","Allow","True","Any"
"Windows Peer to Peer Collaboration Foundation (TCP-Out)","Outbound","Allow","False","Any"
"Network Discovery (WSD EventsSecure-In)","Inbound","Allow","True","Domain"
"Core Networking - Neighbor Discovery Advertisement (ICMPv6-In)","Inbound","Allow","True","Any"
"Core Networking - IPHTTPS (TCP-Out)","Outbound","Allow","True","Any"
"Microsoft Media Foundation Network Source IN [TCP 554]","Inbound","Allow","True","Any"
"Network Discovery (SSDP-In)","Inbound","Allow","True","Domain, Public"
"Remote Service Management (RPC)","Inbound","Allow","False","Private, Public"
"Remote Service Management (RPC-EPMAP)","Inbound","Allow","False","Private, Public"
"Core Networking - Internet Group Management Protocol (IGMP-Out)","Outbound","Allow","True","Any"
"Windows Remote Management - Compatibility Mode (HTTP-In)","Inbound","Allow","False","Private, Public"
"Network Discovery (WSD-In)","Inbound","Allow","True","Domain, Public"
"Windows Peer to Peer Collaboration Foundation (WSD-Out)","Outbound","Allow","False","Any"
"iSCSI Service (TCP-In)","Inbound","Allow","False","Domain"
"Network Discovery (NB-Name-In)","Inbound","Allow","True","Private"
"Core Networking - Parameter Problem (ICMPv6-In)","Inbound","Allow","True","Any"
"Core Networking - DNS (UDP-Out)","Outbound","Allow","True","Any"
"Network Discovery (NB-Datagram-Out)","Outbound","Allow","True","Private"
"Network Discovery (NB-Datagram-In)","Inbound","Allow","True","Public"
"Remote Service Management (NP-In)","Inbound","Allow","False","Domain"
"Core Networking - Teredo (UDP-In)","Inbound","Allow","True","Any"
"Remote Service Management (RPC)","Inbound","Allow","False","Domain"
"Microsoft Media Foundation Network Source OUT [TCP ALL]","Outbound","Allow","True","Any"
"Windows Collaboration Computer Name Registration Service (PNRP-Out)","Outbound","Allow","False","Any"
"Distributed Transaction Coordinator (RPC-EPMAP)","Inbound","Allow","False","Private, Public"
"Network Discovery (UPnP-In)","Inbound","Allow","True","Public"
"Core Networking - Neighbor Discovery Advertisement (ICMPv6-Out)","Outbound","Allow","True","Any"
"AllJoyn Router (UDP-Out)","Outbound","Allow","True","Domain, Private"
"Windows Defender Firewall Remote Management (RPC-EPMAP)","Inbound","Allow","False","Domain"
"Remote Service Management (NP-In)","Inbound","Allow","False","Private, Public"
"Windows Device Management Device Enroller (TCP out)","Outbound","Allow","True","Any"
"Core Networking - Multicast Listener Query (ICMPv6-Out)","Outbound","Allow","True","Any"
"Windows Peer to Peer Collaboration Foundation (SSDP-Out)","Outbound","Allow","False","Any"
"Network Discovery (NB-Name-In)","Inbound","Allow","True","Domain"
"Core Networking Diagnostics - ICMP Echo Request (ICMPv6-In)","Inbound","Allow","False","Private, Public"
"Remote Volume Management (RPC-EPMAP)","Inbound","Allow","False","Domain"
"Remote Volume Management - Virtual Disk Service Loader (RPC)","Inbound","Allow","False","Private, Public"
"TPM Virtual Smart Card Management (DCOM-In)","Inbound","Allow","False","Private, Public"
"TPM Virtual Smart Card Management (TCP-In)","Inbound","Allow","False","Private, Public"
"TPM Virtual Smart Card Management (TCP-Out)","Outbound","Allow","False","Private, Public"
"Remote Assistance (SSDP UDP-In)","Inbound","Allow","True","Domain, Private"
"Network Discovery (WSD EventsSecure-Out)","Outbound","Allow","True","Domain"
"Network Discovery (LLMNR-UDP-Out)","Outbound","Allow","True","Private"
"Network Discovery for Teredo (UPnP-In)","Inbound","Allow","True","Public"
"Network Discovery (Pub WSD-Out)","Outbound","Allow","True","Domain, Public"
"Core Networking - Time Exceeded (ICMPv6-Out)","Outbound","Allow","True","Any"
"Netlogon Service (NP-In)","Inbound","Allow","False","Any"
"Network Discovery (SSDP-In)","Inbound","Allow","True","Private"
"Virtual Machine Monitoring (Echo Request - ICMPv4-In)","Inbound","Allow","False","Any"
"Connected Devices Platform (UDP-In)","Inbound","Allow","True","Domain, Private"
"Connected Devices Platform (TCP-In)","Inbound","Allow","True","Domain, Private"
"Remote Scheduled Tasks Management (RPC-EPMAP)","Inbound","Allow","False","Private, Public"
"mDNS (UDP-In)","Inbound","Allow","True","Private"
"AllJoyn Router (TCP-Out)","Outbound","Allow","True","Domain, Private"
"Remote Assistance (TCP-In)","Inbound","Allow","False","Public"
"Proximity sharing over TCP (TCP sharing-Out)","Outbound","Allow","True","Any"
"Network Discovery (LLMNR-UDP-In)","Inbound","Allow","True","Private"
"Virtual Machine Monitoring (Echo Request - ICMPv6-In)","Inbound","Allow","False","Any"
"Core Networking - Multicast Listener Report (ICMPv6-Out)","Outbound","Allow","True","Any"
"TPM Virtual Smart Card Management (TCP-Out)","Outbound","Allow","False","Domain"
"Wi-Fi Direct Network Discovery (Out)","Outbound","Allow","True","Public"
"Routing and Remote Access (L2TP-In)","Inbound","Allow","False","Any"
"Core Networking - Packet Too Big (ICMPv6-In)","Inbound","Allow","True","Any"
"Core Networking - Dynamic Host Configuration Protocol (DHCP-Out)","Outbound","Allow","True","Any"
"Core Networking - IPHTTPS (TCP-In)","Inbound","Allow","True","Any"
"Network Discovery (WSD Events-Out)","Outbound","Allow","True","Public"
"Windows Defender Firewall Remote Management (RPC)","Inbound","Allow","False","Private, Public"
"AllJoyn Router (TCP-In)","Inbound","Allow","True","Domain, Private"
"AllJoyn Router (UDP-In)","Inbound","Allow","True","Domain, Private"
"Remote Assistance (PNRP-Out)","Outbound","Allow","True","Domain, Private"
"Core Networking - Multicast Listener Done (ICMPv6-In)","Inbound","Allow","True","Any"
"Connected User Experiences and Telemetry","Outbound","Allow","True","Any"
"Network Discovery (WSD EventsSecure-In)","Inbound","Allow","True","Public"
"Core Networking - Destination Unreachable (ICMPv6-In)","Inbound","Allow","True","Any"
"Wi-Fi Direct Scan Service Use (Out)","Outbound","Allow","True","Public"
"Network Discovery (NB-Datagram-In)","Inbound","Allow","True","Private"
"Connected Devices Platform - Wi-Fi Direct Transport (TCP-In)","Inbound","Allow","True","Public"
"Remote Scheduled Tasks Management (RPC)","Inbound","Allow","False","Private, Public"
"Network Discovery (SSDP-Out)","Outbound","Allow","True","Domain, Public"
"Core Networking Diagnostics - ICMP Echo Request (ICMPv4-Out)","Outbound","Allow","False","Private, Public"
"mDNS (UDP-Out)","Outbound","Allow","True","Private"
"Network Discovery (NB-Datagram-Out)","Outbound","Allow","True","Domain"
"Performance Logs and Alerts (DCOM-In)","Inbound","Allow","False","Domain"
"Routing and Remote Access (PPTP-Out)","Outbound","Allow","False","Any"
"Performance Logs and Alerts (TCP-In)","Inbound","Allow","False","Domain"
"Windows Remote Management (HTTP-In)","Inbound","Allow","False","Domain, Private"
"Network Discovery (WSD-Out)","Outbound","Allow","True","Domain, Public"
"Network Discovery (WSD Events-In)","Inbound","Allow","True","Public"
"Core Networking - Neighbor Discovery Solicitation (ICMPv6-Out)","Outbound","Allow","True","Any"
"Wi-Fi Direct Network Discovery (In)","Inbound","Allow","True","Public"
"Windows Peer to Peer Collaboration Foundation (PNRP-Out)","Outbound","Allow","False","Any"
"Wireless Display (TCP-In)","Inbound","Allow","True","Any"
"Windows Collaboration Computer Name Registration Service (SSDP-In)","Inbound","Allow","False","Any"
"Network Discovery (UPnP-In)","Inbound","Allow","True","Domain"
"Performance Logs and Alerts (DCOM-In)","Inbound","Allow","False","Private, Public"
"Core Networking - IPv6 (IPv6-Out)","Outbound","Allow","True","Any"
"Network Discovery (WSD EventsSecure-Out)","Outbound","Allow","True","Private"
"Remote Event Log Management (RPC-EPMAP)","Inbound","Allow","False","Private, Public"
"Core Networking Diagnostics - ICMP Echo Request (ICMPv6-Out)","Outbound","Allow","False","Domain"
"Windows Management Instrumentation (DCOM-In)","Inbound","Allow","False","Domain"
"Remote Assistance (SSDP TCP-In)","Inbound","Allow","True","Domain, Private"
"Distributed Transaction Coordinator (RPC)","Inbound","Allow","False","Domain"
"Proximity sharing over TCP (TCP sharing-In)","Inbound","Allow","True","Any"
"iSCSI Service (TCP-Out)","Outbound","Allow","False","Domain"
"Network Discovery (Pub-WSD-In)","Inbound","Allow","True","Domain, Public"
"Core Networking - Internet Group Management Protocol (IGMP-In)","Inbound","Allow","True","Any"
"Core Networking - Group Policy (NP-Out)","Outbound","Allow","True","Domain"
"Windows Management Instrumentation (WMI-In)","Inbound","Allow","False","Domain"
"Core Networking - Multicast Listener Report v2 (ICMPv6-In)","Inbound","Allow","True","Any"
"Remote Volume Management - Virtual Disk Service Loader (RPC)","Inbound","Allow","False","Domain"
"Network Discovery (WSD-Out)","Outbound","Allow","True","Private"
"Network Discovery (WSD-In)","Inbound","Allow","True","Domain, Public"
"Remote Event Log Management (RPC)","Inbound","Allow","False","Domain"
"Core Networking - Multicast Listener Query (ICMPv6-In)","Inbound","Allow","True","Any"
"Windows Peer to Peer Collaboration Foundation (SSDP-In)","Inbound","Allow","False","Any"
"Windows Device Management Sync Client (TCP out)","Outbound","Allow","True","Any"
"Core Networking - Multicast Listener Report (ICMPv6-In)","Inbound","Allow","True","Any"
"Core Networking Diagnostics - ICMP Echo Request (ICMPv4-In)","Inbound","Allow","False","Domain"
"Secure Socket Tunneling Protocol (SSTP-In)","Inbound","Allow","False","Any"
"DIAL protocol server (HTTP-In)","Inbound","Allow","True","Private"
"Distributed Transaction Coordinator (TCP-In)","Inbound","Allow","False","Private, Public"
"Core Networking - Dynamic Host Configuration Protocol for IPv6(DHCPV6-Out)","Outbound","Allow","True","Any"
"Remote Volume Management - Virtual Disk Service (RPC)","Inbound","Allow","False","Domain"
"Windows Management Instrumentation (WMI-Out)","Outbound","Allow","False","Domain"
"Netlogon Service Authz (RPC)","Inbound","Allow","False","Any"
"Core Networking - Time Exceeded (ICMPv6-In)","Inbound","Allow","True","Any"
"mDNS (UDP-In)","Inbound","Allow","True","Domain"
"Windows Peer to Peer Collaboration Foundation (TCP-In)","Inbound","Allow","False","Any"
"Remote Assistance (TCP-In)","Inbound","Allow","True","Domain, Private"
"Network Discovery (UPnPHost-Out)","Outbound","Allow","True","Private"
"Core Networking Diagnostics - ICMP Echo Request (ICMPv4-In)","Inbound","Allow","False","Private, Public"
"Windows Remote Management - Compatibility Mode (HTTP-In)","Inbound","Allow","False","Domain"
"Network Discovery (NB-Name-Out)","Outbound","Allow","True","Private"
"Routing and Remote Access (GRE-Out)","Outbound","Allow","False","Any"
"Distributed Transaction Coordinator (TCP-In)","Inbound","Allow","False","Domain"
"Network Discovery (NB-Name-Out)","Outbound","Allow","True","Domain"
"Core Networking - Group Policy (TCP-Out)","Outbound","Allow","True","Domain"
"Core Networking Diagnostics - ICMP Echo Request (ICMPv6-In)","Inbound","Allow","False","Domain"
"mDNS (UDP-In)","Inbound","Allow","True","Public"
"Windows Media Player Network Sharing Service (Streaming-TCP-Out)","Outbound","Allow","False","Private, Public"
"Windows Media Player (UDP-In)","Inbound","Allow","False","Any"
"Cast to Device functionality (qWave-TCP-Out)","Outbound","Allow","True","Private, Public"
"Cast to Device streaming server (RTCP-Streaming-In)","Inbound","Allow","True","Private"
"Media Center Extenders - HTTP Streaming (TCP-In)","Inbound","Allow","False","Any"
"Wireless Portable Devices (TCP-Out)","Outbound","Allow","False","Private, Public"
"Media Center Extenders - qWave (UDP-In)","Inbound","Allow","False","Any"
"Cast to Device streaming server (RTP-Streaming-Out)","Outbound","Allow","True","Public"
"Cast to Device streaming server (RTP-Streaming-Out)","Outbound","Allow","True","Private"
"Media Center Extenders - Device Provisioning (TCP-Out)","Outbound","Allow","False","Any"
"Windows Media Player Network Sharing Service (qWave-TCP-In)","Inbound","Allow","False","Private, Public"
"Windows Media Player Network Sharing Service (qWave-UDP-In)","Inbound","Allow","False","Private, Public"
"Cast to Device streaming server (RTCP-Streaming-In)","Inbound","Allow","True","Domain"
"Windows Media Player Network Sharing Service (UPnP-In)","Inbound","Allow","False","Any"
"Windows Media Player Network Sharing Service (Streaming-UDP-Out)","Outbound","Allow","False","Domain"
"Windows Media Player Network Sharing Service (UPnPHost-Out)","Outbound","Allow","False","Any"
"Windows Media Player Network Sharing Service (UDP-In)","Inbound","Allow","False","Domain"
"Windows Media Player Network Sharing Service (TCP-In)","Inbound","Allow","False","Domain"
"Windows Media Player Network Sharing Service (qWave-TCP-In)","Inbound","Allow","False","Domain"
"Cast to Device streaming server (RTSP-Streaming-In)","Inbound","Allow","True","Domain"
"Media Center Extenders - WMDRM-ND/RTP/RTCP (UDP-In)","Inbound","Allow","False","Any"
"Windows Media Player x86 (UDP-In)","Inbound","Allow","False","Any"
"Windows Media Player Network Sharing Service (UDP-In)","Inbound","Allow","False","Private, Public"
"Windows Media Player Network Sharing Service (TCP-In)","Inbound","Allow","False","Private, Public"
"Wireless Portable Devices (TCP-Out)","Outbound","Allow","False","Domain"
"Windows Media Player Network Sharing Service (Streaming-UDP-In)","Inbound","Allow","False","Domain"
"Cast to Device functionality (qWave-UDP-In)","Inbound","Allow","True","Private, Public"
"Windows Media Player Network Sharing Service (HTTP-Streaming-Out)","Outbound","Allow","False","Domain"
"Windows Media Player Network Sharing Service (Streaming-UDP-In)","Inbound","Allow","False","Private, Public"
"Media Center Extenders - RTSP (TCP-In)","Inbound","Allow","False","Any"
"Media Center Extenders - qWave (UDP-Out)","Outbound","Allow","False","Any"
"Media Center Extenders - qWave (TCP-Out)","Outbound","Allow","False","Any"
"Cast to Device functionality (qWave-UDP-Out)","Outbound","Allow","True","Private, Public"
"Media Center Extenders - XSP (TCP-In)","Inbound","Allow","False","Any"
"Windows Media Player Network Sharing Service (SSDP-Out)","Outbound","Allow","False","Any"
"Windows Media Player Network Sharing Service (qWave-TCP-Out)","Outbound","Allow","False","Private, Public"
"Windows Media Player Network Sharing Service (Streaming-TCP-Out)","Outbound","Allow","False","Domain"
"Windows Media Player Network Sharing Service (UPnP-Out)","Outbound","Allow","False","Any"
"Windows Media Player Network Sharing Service (SSDP-In)","Inbound","Allow","False","Any"
"Wireless Portable Devices (UPnP-In)","Inbound","Allow","False","Any"
"Windows Media Player Network Sharing Service (HTTP-Streaming-Out)","Outbound","Allow","False","Private, Public"
"Wireless Portable Devices (UPnP-Out)","Outbound","Allow","False","Any"
"Windows Media Player Network Sharing Service (UDP-Out)","Outbound","Allow","False","Private, Public"
"Windows Media Player Network Sharing Service (HTTP-Streaming-In)","Inbound","Allow","False","Private, Public"
"Windows Media Player Network Sharing Service (qWave-UDP-Out)","Outbound","Allow","False","Private, Public"
"Cast to Device streaming server (HTTP-Streaming-In)","Inbound","Allow","True","Private"
"Cast to Device functionality (qWave-TCP-In)","Inbound","Allow","True","Private, Public"
"Media Center Extenders - SSDP (UDP-In)","Inbound","Allow","False","Any"
"Windows Media Player Network Sharing Service (qWave-UDP-Out)","Outbound","Allow","False","Domain"
"Windows Media Player Network Sharing Service (qWave-TCP-Out)","Outbound","Allow","False","Domain"
"Media Center Extenders - UPnP (TCP-Out)","Outbound","Allow","False","Any"
"Media Center Extenders - Service (TCP-Out)","Outbound","Allow","False","Any"
"Windows Media Player Network Sharing Service (TCP-Out)","Outbound","Allow","False","Private, Public"
"Cast to Device SSDP Discovery (UDP-In)","Inbound","Allow","True","Public"
"Media Center Extenders - Device Validation (TCP-Out)","Outbound","Allow","False","Any"
"Wireless Portable Devices (SSDP-In)","Inbound","Allow","False","Any"
"Cast to Device streaming server (RTP-Streaming-Out)","Outbound","Allow","True","Domain"
"Wireless Portable Devices (SSDP-Out)","Outbound","Allow","False","Any"
"Wireless Portable Devices (UPnPHost-Out)","Outbound","Allow","False","Any"
"Cast to Device UPnP Events (TCP-In)","Inbound","Allow","True","Public"
"Media Center Extenders - RTSP (TCP-Out)","Outbound","Allow","False","Any"
"Media Center Extenders - WMDRM-ND/RTP/RTCP (UDP-Out)","Outbound","Allow","False","Any"
"Media Center Extenders - Media Streaming (UDP-Out)","Outbound","Allow","False","Any"
"Cast to Device streaming server (RTSP-Streaming-In)","Inbound","Allow","True","Private"
"Windows Media Player Network Sharing Service (UDP-Out)","Outbound","Allow","False","Domain"
"Cast to Device streaming server (RTCP-Streaming-In)","Inbound","Allow","True","Public"
"Media Center Extenders - Media Streaming (TCP-In)","Inbound","Allow","False","Any"
"Media Center Extenders - SSDP (UDP-Out)","Outbound","Allow","False","Any"
"Media Center Extenders - Media Streaming (TCP-Out)","Outbound","Allow","False","Any"
"Windows Media Player x86 (UDP-Out)","Outbound","Allow","False","Any"
"Windows Media Player x86 (TCP-Out)","Outbound","Allow","False","Any"
"Cast to Device streaming server (HTTP-Streaming-In)","Inbound","Allow","True","Domain"
"Cast to Device streaming server (HTTP-Streaming-In)","Inbound","Allow","True","Public"
"Cast to Device streaming server (RTSP-Streaming-In)","Inbound","Allow","True","Public"
"Windows Media Player Network Sharing Service (Streaming-UDP-Out)","Outbound","Allow","False","Private, Public"
"Windows Media Player Network Sharing Service (HTTP-Streaming-In)","Inbound","Allow","False","Domain"
"Windows Media Player (UDP-Out)","Outbound","Allow","False","Any"
"Windows Media Player (TCP-Out)","Outbound","Allow","False","Any"
"Windows Media Player Network Sharing Service (qWave-UDP-In)","Inbound","Allow","False","Domain"
"Windows Media Player Network Sharing Service (TCP-Out)","Outbound","Allow","False","Domain"
"Media Center Extenders - qWave (TCP-In)","Inbound","Allow","False","Any"
"File and Printer Sharing (Spooler Service - RPC-EPMAP)","Inbound","Allow","False","Domain"
"File and Printer Sharing (Spooler Service - RPC)","Inbound","Allow","False","Domain"
"File and Printer Sharing (Restrictive) (Echo Request - ICMPv6-Out)","Outbound","Allow","False","Any"
"File and Printer Sharing (NB-Session-In)","Inbound","Allow","False","Domain"
"File and Printer Sharing (NB-Datagram-Out)","Outbound","Allow","False","Domain"
"File and Printer Sharing (Spooler Service - RPC)","Inbound","Allow","False","Private, Public"
"File and Printer Sharing (Echo Request - ICMPv4-Out)","Outbound","Allow","False","Private, Public"
"Inbound Rule for Remote Shutdown (TCP-In)","Inbound","Allow","False","Any"
"File and Printer Sharing (NB-Name-Out)","Outbound","Allow","False","Domain"
"File and Printer Sharing (SMB-Out)","Outbound","Allow","False","Private, Public"
"File and Printer Sharing (Echo Request - ICMPv4-Out)","Outbound","Allow","False","Domain"
"File and Printer Sharing (SMB-Out)","Outbound","Allow","False","Domain"
"File and Printer Sharing (Restrictive) (SMB-In)","Inbound","Allow","False","Any"
"File and Printer Sharing (Spooler Service Worker - RPC)","Inbound","Allow","False","Private, Public"
"File and Printer Sharing (NB-Datagram-In)","Inbound","Allow","False","Domain"
"File and Printer Sharing (NB-Name-In)","Inbound","Allow","False","Private, Public"
"WFD ASP Coordination Protocol (UDP-Out)","Outbound","Allow","True","Any"
"File and Printer Sharing (NB-Session-Out)","Outbound","Allow","False","Private, Public"
"File and Printer Sharing (Restrictive) (LLMNR-UDP-In)","Inbound","Allow","False","Any"
"File and Printer Sharing (Restrictive) (LLMNR-UDP-Out)","Outbound","Allow","False","Any"
"File and Printer Sharing (Spooler Service - RPC-EPMAP)","Inbound","Allow","False","Private, Public"
"File and Printer Sharing (Echo Request - ICMPv6-Out)","Outbound","Allow","False","Private, Public"
"File and Printer Sharing (NB-Name-In)","Inbound","Allow","False","Domain"
"File and Printer Sharing (Restrictive) (Spooler Service - RPC)","Inbound","Allow","False","Any"
"File and Printer Sharing (NB-Session-In)","Inbound","Allow","False","Private, Public"
"File and Printer Sharing (Echo Request - ICMPv4-In)","Inbound","Allow","False","Private, Public"
"File and Printer Sharing (Restrictive) (Spooler Service Worker - RPC)","Inbound","Allow","False","Any"
"File and Printer Sharing (SMB-In)","Inbound","Allow","False","Private, Public"
"File and Printer Sharing (Restrictive) (SMB-Out)","Outbound","Allow","False","Any"
"WFD Driver-only (TCP-In)","Inbound","Allow","True","Any"
"WFD Driver-only (UDP-In)","Inbound","Allow","True","Any"
"File and Printer Sharing (SMB-In)","Inbound","Allow","False","Domain"
"File and Printer Sharing (Echo Request - ICMPv6-Out)","Outbound","Allow","False","Domain"
"File and Printer Sharing (Spooler Service Worker - RPC)","Inbound","Allow","False","Domain"
"File and Printer Sharing (Restrictive) (Echo Request - ICMPv4-In)","Inbound","Allow","False","Any"
"File and Printer Sharing (NB-Datagram-Out)","Outbound","Allow","False","Private, Public"
"WFD Driver-only (TCP-Out)","Outbound","Allow","True","Any"
"File and Printer Sharing (NB-Session-Out)","Outbound","Allow","False","Domain"
"File and Printer Sharing (Echo Request - ICMPv6-In)","Inbound","Allow","False","Private, Public"
"File and Printer Sharing (Restrictive) (Spooler Service - RPC-EPMAP)","Inbound","Allow","False","Any"
"File and Printer Sharing (Restrictive) (Echo Request - ICMPv4-Out)","Outbound","Allow","False","Any"
"Inbound Rule for Remote Shutdown (RPC-EP-In)","Inbound","Allow","False","Any"
"File and Printer Sharing (Echo Request - ICMPv6-In)","Inbound","Allow","False","Domain"
"WFD Driver-only (UDP-Out)","Outbound","Allow","True","Any"
"WFD ASP Coordination Protocol (UDP-In)","Inbound","Allow","True","Any"
"File and Printer Sharing (NB-Name-Out)","Outbound","Allow","False","Private, Public"
"File and Printer Sharing (NB-Datagram-In)","Inbound","Allow","False","Private, Public"
"File and Printer Sharing (Echo Request - ICMPv4-In)","Inbound","Allow","False","Domain"
"File and Printer Sharing (LLMNR-UDP-In)","Inbound","Allow","False","Any"
"File and Printer Sharing (LLMNR-UDP-Out)","Outbound","Allow","False","Any"
"File and Printer Sharing (Restrictive) (Echo Request - ICMPv6-In)","Inbound","Allow","False","Any"
"Office","Outbound","Allow","True","Any"
"@{Microsoft.LockApp_10.0.22621.4974_neutral__cw5n1h2txyewy?ms-resource://Microsoft.LockApp/resources/AppDisplayName}","Outbound","Allow","True","Any"
"@{MicrosoftWindows.Client.CBS_1000.22700.1077.0_x64__cw5n1h2txyewy?ms-resource://MicrosoftWindows.Client.CBS/resources/ProductPkgDisplayName}","Inbound","Allow","True","Domain, Private"
"@{MicrosoftWindows.Client.CBS_1000.22700.1077.0_x64__cw5n1h2txyewy?ms-resource://MicrosoftWindows.Client.CBS/resources/ProductPkgDisplayName}","Outbound","Allow","True","Any"
"@{Microsoft.Windows.StartMenuExperienceHost_10.0.22621.4249_neutral_neutral_cw5n1h2txyewy?ms-resource://Microsoft.Windows.StartMenuExperienceHost/StartMenuExperienceHost/PkgDisplayName}","Inbound","Allow","True","Domain, Private"
"@{Microsoft.Windows.StartMenuExperienceHost_10.0.22621.4249_neutral_neutral_cw5n1h2txyewy?ms-resource://Microsoft.Windows.StartMenuExperienceHost/StartMenuExperienceHost/PkgDisplayName}","Outbound","Allow","True","Any"
"Microsoft Solitaire Collection","Inbound","Allow","True","Domain, Private"
"Microsoft Solitaire Collection","Outbound","Allow","True","Any"
"@{Microsoft.XboxGameCallableUI_1000.22621.1.0_neutral_neutral_cw5n1h2txyewy?ms-resource://Microsoft.XboxGameCallableUI/resources/PkgDisplayName}","Outbound","Allow","True","Any"
"@{Microsoft.Windows.PeopleExperienceHost_10.0.22621.1_neutral_neutral_cw5n1h2txyewy?ms-resource://Microsoft.Windows.PeopleExperienceHost/resources/PkgDisplayName}","Outbound","Allow","True","Any"
"@{Microsoft.AccountsControl_10.0.22621.1_neutral__cw5n1h2txyewy?ms-resource://Microsoft.AccountsControl/Resources/DisplayName}","Outbound","Allow","True","Any"
"@{Microsoft.Windows.ParentalControls_1000.22621.1.0_neutral_neutral_cw5n1h2txyewy?ms-resource://Microsoft.Windows.ParentalControls/resources/DisplayName}","Outbound","Allow","True","Any"
"@{Microsoft.Win32WebViewHost_10.0.22621.1_neutral_neutral_cw5n1h2txyewy?ms-resource://Windows.Win32WebViewHost/resources/DisplayName}","Inbound","Allow","True","Any"
"@{Microsoft.Win32WebViewHost_10.0.22621.1_neutral_neutral_cw5n1h2txyewy?ms-resource://Windows.Win32WebViewHost/resources/DisplayName}","Outbound","Allow","True","Any"
"Intel? Graphics Command Center","Outbound","Allow","True","Any"
"Snappy Driver Installer","Inbound","Allow","True","Public"
"Snappy Driver Installer","Inbound","Allow","True","Public"
"@{Microsoft.Windows.Apprep.ChxApp_1000.22621.1.0_neutral_neutral_cw5n1h2txyewy?ms-resource://Microsoft.Windows.Apprep.ChxApp/resources/DisplayName}","Outbound","Allow","True","Any"
"Microsoft Tips","Outbound","Allow","True","Any"
"@{Microsoft.Windows.ContentDeliveryManager_10.0.22621.2506_neutral_neutral_cw5n1h2txyewy?ms-resource://Microsoft.Windows.ContentDeliveryManager/resources/AppDisplayName}","Outbound","Allow","True","Any"
"@{Microsoft.AAD.BrokerPlugin_1000.19580.1000.0_neutral_neutral_cw5n1h2txyewy?ms-resource://Microsoft.AAD.BrokerPlugin/resources/PackageDisplayName}","Inbound","Allow","True","Domain, Private"
"@{Microsoft.AAD.BrokerPlugin_1000.19580.1000.0_neutral_neutral_cw5n1h2txyewy?ms-resource://Microsoft.AAD.BrokerPlugin/resources/PackageDisplayName}","Outbound","Allow","True","Any"
"@{Microsoft.Windows.CloudExperienceHost_10.0.22621.2506_neutral_neutral_cw5n1h2txyewy?ms-resource://Microsoft.Windows.CloudExperienceHost/resources/appDescription}","Inbound","Allow","True","Domain, Private"
"@{Microsoft.Windows.CloudExperienceHost_10.0.22621.2506_neutral_neutral_cw5n1h2txyewy?ms-resource://Microsoft.Windows.CloudExperienceHost/resources/appDescription}","Outbound","Allow","True","Any"
"Work or school account","Outbound","Allow","True","Domain, Private, Public"
"Work or school account","Inbound","Allow","True","Domain, Private"
"Email and accounts","Outbound","Allow","True","Domain, Private, Public"
"Desktop App Web Viewer","Outbound","Allow","True","Domain, Private, Public"
"Desktop App Web Viewer","Inbound","Allow","True","Domain, Private, Public"
"Windows Defender SmartScreen","Outbound","Allow","True","Domain, Private, Public"
"Your account","Outbound","Allow","True","Domain, Private, Public"
"Your account","Inbound","Allow","True","Domain, Private"
"Microsoft Content","Outbound","Allow","True","Domain, Private, Public"
"Microsoft Family Safety","Outbound","Allow","True","Domain, Private, Public"
"Windows Shell Experience","Outbound","Allow","True","Domain, Private, Public"
"Print Queue","Outbound","Allow","True","Domain, Private, Public"
"Xbox Game UI","Outbound","Allow","True","Domain, Private, Public"
"@{MicrosoftWindows.LKG.AccountsService_1000.26100.3775.0_x64__cw5n1h2txyewy?ms-resource://MicrosoftWindows.LKG.AccountsService/Resources/ProductPkgDisplayName}","Outbound","Allow","True","Domain, Private, Public"
"@{MicrosoftWindows.LKG.DesktopSpotlight_1000.26100.3775.0_x64__cw5n1h2txyewy?ms-resource://MicrosoftWindows.LKG.DesktopSpotlight/Resources/ProductPkgDisplayName}","Outbound","Allow","True","Domain, Private, Public"
"@{MicrosoftWindows.LKG.DesktopSpotlight_1000.26100.3775.0_x64__cw5n1h2txyewy?ms-resource://MicrosoftWindows.LKG.DesktopSpotlight/Resources/ProductPkgDisplayName}","Inbound","Allow","True","Domain, Private"
"@{MicrosoftWindows.LKG.IrisService_1000.26100.3775.0_x64__cw5n1h2txyewy?ms-resource://MicrosoftWindows.LKG.IrisService/Resources/ProductPkgDisplayName}","Outbound","Allow","True","Domain, Private, Public"
"@{MicrosoftWindows.LKG.RulesEngine_1000.26100.3775.0_x64__cw5n1h2txyewy?ms-resource://MicrosoftWindows.LKG.RulesEngine/Resources/ProductPkgDisplayName}","Outbound","Allow","True","Domain, Private, Public"
"@{MicrosoftWindows.LKG.SpeechRuntime_1000.26100.3775.0_x64__cw5n1h2txyewy?ms-resource://MicrosoftWindows.LKG.SpeechRuntime/Resources/ProductPkgDisplayName}","Outbound","Allow","True","Domain, Private, Public"
"Windows Print","Outbound","Allow","True","Domain, Private, Public"
"windows_ie_ac_001","Outbound","Allow","True","Domain, Private, Public"
"Narrator","Outbound","Allow","True","Domain, Private, Public"
"@{Microsoft.XboxGamingOverlay_2.624.1111.0_x64__8wekyb3d8bbwe?ms-resource://Microsoft.XboxGamingOverlay/resources/GameBar}","Outbound","Allow","True","Domain, Private, Public"
"@{Microsoft.XboxGamingOverlay_2.624.1111.0_x64__8wekyb3d8bbwe?ms-resource://Microsoft.XboxGamingOverlay/resources/GameBar}","Inbound","Allow","True","Domain, Private, Public"
"Microsoft 365 (Office)","Outbound","Allow","True","Domain, Private, Public"
"Xbox TCUI","Outbound","Allow","True","Domain, Private, Public"
"Windows Calculator","Outbound","Allow","True","Domain, Private, Public"
"Get Help","Outbound","Allow","True","Domain, Private, Public"
"Microsoft People","Outbound","Allow","True","Domain, Private, Public"
"Mail and Calendar","Outbound","Allow","True","Domain, Private, Public"
"Mail and Calendar","Inbound","Allow","True","Domain, Private, Public"
"News","Outbound","Allow","True","Domain, Private, Public"
"Xbox Identity Provider","Outbound","Allow","True","Domain, Private, Public"
"Xbox Game Bar Plugin","Outbound","Allow","True","Domain, Private, Public"
"Microsoft Lync","Inbound","Allow","True","Public"
"Microsoft Lync UcMapi","Inbound","Allow","True","Public"
"Microsoft Family","Outbound","Allow","True","Domain, Private, Public"
"VMware Authd Service","Inbound","Allow","True","Domain"
"VMware Authd Service (private)","Inbound","Allow","True","Private"
"Packet Tracer Executable","Inbound","Block","True","Public"
"Packet Tracer Executable","Inbound","Block","True","Public"
"Captive Portal Flow","Outbound","Allow","True","Domain, Private, Public"
"Zoom Video Meeting","Inbound","Allow","True","Any"
"Airhost service for Zoom Video Meetings","Inbound","Allow","True","Any"
"Airhost service for Zoom Video Meetings","Inbound","Allow","True","Any"
"@{MicrosoftWindows.55182690.Taskbar_1000.26100.4061.0_x64__cw5n1h2txyewy?ms-resource://MicrosoftWindows.55182690.Taskbar/Resources/ProductPkgDisplayName}","Outbound","Allow","True","Domain, Private, Public"
"@{MicrosoftWindows.LKG.TwinSxS_1000.26100.4061.0_x64__cw5n1h2txyewy?ms-resource://MicrosoftWindows.LKG.TwinSxS/Resources/ProductPkgDisplayName}","Outbound","Allow","True","Domain, Private, Public"
"Microsoft To Do","Outbound","Allow","True","Domain, Private, Public"
"Microsoft To Do","Inbound","Allow","True","Domain, Private"
"Windows Security","Outbound","Allow","True","Domain, Private, Public"
"Windows Security","Inbound","Allow","True","Domain, Private"
"ms-resource:ProductPkgDisplayName","Inbound","Allow","True","Public"
"ms-resource:ProductPkgDisplayName","Inbound","Allow","True","Private"
"ms-resource:ProductPkgDisplayName","Inbound","Allow","True","Public"
"ms-resource:ProductPkgDisplayName","Inbound","Allow","True","Private"
"ms-resource:ProductPkgDisplayName","Outbound","Allow","True","Public"
"ms-resource:ProductPkgDisplayName","Outbound","Allow","True","Private"
"ms-resource:ProductPkgDisplayName","Outbound","Allow","True","Public"
"ms-resource:ProductPkgDisplayName","Outbound","Allow","True","Private"
"ms-resource:ProductPkgDisplayName","Inbound","Allow","True","Public"
"ms-resource:ProductPkgDisplayName","Inbound","Allow","True","Private"
"ms-resource:ProductPkgDisplayName","Inbound","Allow","True","Public"
"ms-resource:ProductPkgDisplayName","Inbound","Allow","True","Private"
"ms-resource:ProductPkgDisplayName","Outbound","Allow","True","Public"
"ms-resource:ProductPkgDisplayName","Outbound","Allow","True","Private"
"ms-resource:ProductPkgDisplayName","Outbound","Allow","True","Public"
"ms-resource:ProductPkgDisplayName","Outbound","Allow","True","Private"
"Windows Default Lock Screen","Outbound","Allow","True","Domain, Private, Public"
"Windows Sound Recorder","Outbound","Allow","True","Domain, Private, Public"
"Widgets Platform Runtime","Outbound","Allow","True","Domain, Private, Public"
"Microsoft Edge Game Assist","Outbound","Allow","True","Domain, Private, Public"
"capcut.exe","Inbound","Allow","True","Public"
"capcut.exe","Inbound","Allow","True","Public"
"capcut.exe","Inbound","Allow","True","Public"
"capcut.exe","Inbound","Allow","True","Public"
"NVIDIA Control Panel","Outbound","Allow","True","Domain, Private, Public"
"capcut.exe","Inbound","Allow","True","Public"
"capcut.exe","Inbound","Allow","True","Public"
"Windows Camera","Outbound","Allow","True","Domain, Private, Public"
"Windows Camera","Inbound","Allow","True","Domain, Private"
"Windows Media Player","Outbound","Allow","True","Domain, Private, Public"
"Windows Media Player","Inbound","Allow","True","Domain, Private"
"Windows Web Experience Pack","Outbound","Allow","True","Domain, Private, Public"
"ms-resource:ProductPkgDisplayName","Inbound","Allow","True","Public"
"ms-resource:ProductPkgDisplayName","Inbound","Allow","True","Private"
"ms-resource:ProductPkgDisplayName","Inbound","Allow","True","Public"
"ms-resource:ProductPkgDisplayName","Inbound","Allow","True","Private"
"ms-resource:ProductPkgDisplayName","Outbound","Allow","True","Public"
"ms-resource:ProductPkgDisplayName","Outbound","Allow","True","Private"
"ms-resource:ProductPkgDisplayName","Outbound","Allow","True","Public"
"ms-resource:ProductPkgDisplayName","Outbound","Allow","True","Private"
"ms-resource:ProductPkgDisplayName","Inbound","Allow","True","Public"
"ms-resource:ProductPkgDisplayName","Inbound","Allow","True","Private"
"ms-resource:ProductPkgDisplayName","Inbound","Allow","True","Public"
"ms-resource:ProductPkgDisplayName","Inbound","Allow","True","Private"
"ms-resource:ProductPkgDisplayName","Outbound","Allow","True","Public"
"ms-resource:ProductPkgDisplayName","Outbound","Allow","True","Private"
"ms-resource:ProductPkgDisplayName","Outbound","Allow","True","Public"
"ms-resource:ProductPkgDisplayName","Outbound","Allow","True","Private"
"Microsoft Teams","Inbound","Allow","True","Any"
"Microsoft Teams","Inbound","Allow","True","Any"
"Microsoft Teams","Outbound","Allow","True","Domain, Private, Public"
"Microsoft Teams","Inbound","Allow","True","Domain, Private, Public"
"Feedback Hub","Outbound","Allow","True","Domain, Private, Public"
"Feedback Hub","Inbound","Allow","True","Domain, Private"
"Xbox","Outbound","Allow","True","Domain, Private, Public"
"Xbox","Inbound","Allow","True","Domain, Private"
"Microsoft Clipchamp","Outbound","Allow","True","Domain, Private, Public"
"Solitaire & Casual Games","Outbound","Allow","True","Domain, Private, Public"
"Solitaire & Casual Games","Inbound","Allow","True","Domain, Private"
"Movies & TV","Outbound","Allow","True","Domain, Private, Public"
"Movies & TV","Inbound","Allow","True","Domain, Private"
"ms-resource:ProductPkgDisplayName","Inbound","Allow","True","Public"
"ms-resource:ProductPkgDisplayName","Inbound","Allow","True","Private"
"ms-resource:ProductPkgDisplayName","Inbound","Allow","True","Public"
"ms-resource:ProductPkgDisplayName","Inbound","Allow","True","Private"
"ms-resource:ProductPkgDisplayName","Outbound","Allow","True","Public"
"ms-resource:ProductPkgDisplayName","Outbound","Allow","True","Private"
"ms-resource:ProductPkgDisplayName","Outbound","Allow","True","Public"
"ms-resource:ProductPkgDisplayName","Outbound","Allow","True","Private"
"ms-resource:ProductPkgDisplayName","Inbound","Allow","True","Public"
"ms-resource:ProductPkgDisplayName","Inbound","Allow","True","Private"
"ms-resource:ProductPkgDisplayName","Inbound","Allow","True","Public"
"ms-resource:ProductPkgDisplayName","Inbound","Allow","True","Private"
"ms-resource:ProductPkgDisplayName","Outbound","Allow","True","Public"
"ms-resource:ProductPkgDisplayName","Outbound","Allow","True","Private"
"ms-resource:ProductPkgDisplayName","Outbound","Allow","True","Public"
"ms-resource:ProductPkgDisplayName","Outbound","Allow","True","Private"
"Start","Outbound","Allow","True","Domain, Private, Public"
"Start","Inbound","Allow","True","Domain, Private"
"Windows Feature Experience Pack","Outbound","Allow","True","Domain, Private, Public"
"Windows Feature Experience Pack","Outbound","Allow","True","Domain, Private, Public"
"Windows Feature Experience Pack","Outbound","Allow","True","Domain, Private, Public"
"Windows Feature Experience Pack","Outbound","Allow","True","Domain, Private, Public"
"Windows Feature Experience Pack","Outbound","Allow","True","Domain, Private, Public"
"Windows Feature Experience Pack","Outbound","Allow","True","Domain, Private, Public"
"Windows Feature Experience Pack","Inbound","Allow","True","Domain, Private, Public"
"Click to Do (preview)","Outbound","Allow","True","Domain, Private, Public"
"Windows Feature Experience Pack","Outbound","Allow","True","Domain, Private, Public"
"Windows Feature Experience Pack","Inbound","Allow","True","Domain, Private"
"Windows Feature Experience Pack","Outbound","Allow","True","Domain, Private, Public"
"Windows Feature Experience Pack","Outbound","Allow","True","Domain, Private, Public"
"Windows Feature Experience Pack","Inbound","Allow","True","Domain, Private, Public"
"Windows Feature Experience Pack","Outbound","Allow","True","Domain, Private, Public"
"Windows Feature Experience Pack","Inbound","Allow","True","Domain, Private"
"AnyDesk","Inbound","Allow","True","Private"
"AnyDesk","Inbound","Allow","True","Private"
"AnyDesk","Inbound","Allow","True","Public"
"AnyDesk","Inbound","Allow","True","Public"
"AnyDesk","Inbound","Allow","True","Domain"
"AnyDesk","Inbound","Allow","True","Domain"
"App Installer","Outbound","Allow","True","Domain, Private, Public"
"App Installer","Inbound","Allow","True","Domain, Private"
"Microsoft Store","Outbound","Allow","True","Domain, Private, Public"
"Microsoft Store","Inbound","Allow","True","Domain, Private, Public"
"ms-resource:AppTitle","Inbound","Allow","True","Any"
"ms-resource:AppTitle","Inbound","Allow","True","Any"
"ms-resource:AppTitle","Inbound","Allow","True","Any"
"ms-resource:AppTitle","Inbound","Allow","True","Any"
"ms-resource:AppTitle","Inbound","Allow","True","Any"
"ms-resource:AppTitle","Inbound","Allow","True","Any"
"ms-resource:AppTitle","Inbound","Allow","True","Any"
"ms-resource:AppTitle","Inbound","Allow","True","Any"
"ms-resource:AppTitle","Outbound","Allow","True","Any"
"ms-resource:AppTitle","Outbound","Allow","True","Any"
"Spotify - Music and Podcasts","Outbound","Allow","True","Domain, Private, Public"
"Microsoft Edge (mDNS-In)","Inbound","Allow","True","Any"
"Microsoft Edge (mDNS-In)","Inbound","Allow","True","Any"
"OfficePushNotificationsUtility","Outbound","Allow","True","Domain, Private, Public"
"Microsoft.Office.ActionsServer","Outbound","Allow","True","Domain, Private, Public"
"Microsoft Office Outlook","Inbound","Allow","True","Public"
"Microsoft Lync","Inbound","Allow","True","Public"
"Microsoft Lync UcMapi","Inbound","Allow","True","Public"
"Windows Terminal","Outbound","Allow","True","Domain, Private, Public"
"Store Experience Host","Outbound","Allow","True","Domain, Private, Public"
"Store Experience Host","Inbound","Allow","True","Domain, Private"
"WhatsApp","Outbound","Allow","True","Domain, Private, Public"
"WhatsApp","Inbound","Allow","True","Domain, Private"
"Google Chrome (mDNS-In)","Inbound","Allow","True","Any"
"Block_TCP_Port_23","Inbound","Block","True","Any"
